ID,Title,Year,Age,IMDb,Rotten Tomatoes,Netflix,Hulu,Prime Video,Disney+,Type,Directors,Genres,Country,Language,Runtime
2,The Matrix,1999,18,8.7,87%,1,0,0,0,0,"Lana Wachowski,Lilly Wachowski","Action,Sci-Fi",United States,English,136.0
5,"The Good, the Bad and the Ugly",1966,18,8.8,97%,1,0,1,0,0,Sergio Leone,Western,"Italy,Spain,West Germany",Italian,161.0
7,The Pianist,2002,18,8.5,95%,1,0,1,0,0,Roman Polanski,"Biography,Drama,Music,War","United Kingdom,France,Poland,Germany","English,German,Russian",150.0
8,Django Unchained,2012,18,8.4,87%,1,0,0,0,0,Quentin Tarantino,"Drama,Western",United States,"English,German,French,Italian",165.0
10,Inglourious Basterds,2009,18,8.3,89%,1,0,0,0,0,Quentin Tarantino,"Adventure,Drama,War","Germany,United States","English,German,French,Italian",153.0
11,Taxi Driver,1976,18,8.3,95%,1,0,0,0,0,Martin Scorsese,"Crime,Drama",United States,"English,Spanish",114.0
13,Pan's Labyrinth,2006,18,8.2,95%,1,0,0,0,0,Guillermo del Toro,"Drama,Fantasy,War","Mexico,Spain",Spanish,118.0
14,Room,2015,18,8.1,93%,1,0,0,0,0,Lenny Abrahamson,"Drama,Thriller","Ireland,Canada,United Kingdom,United States",English,118.0
19,The King's Speech,2010,18,8.0,95%,1,0,0,0,0,Tom Hooper,"Biography,Drama,History","United Kingdom,United States,Australia",English,118.0
20,Her,2013,18,8.0,95%,1,0,0,0,0,Spike Jonze,"Drama,Romance,Sci-Fi",United States,English,126.0
21,There Will Be Blood,2007,18,8.2,91%,1,0,0,0,0,Paul Thomas Anderson,Drama,United States,"English,American Sign Language",158.0
23,Dallas Buyers Club,2013,18,8.0,93%,1,0,0,0,0,Jean-Marc Vallée,"Biography,Drama",United States,"English,Japanese",117.0
26,Ex Machina,2015,18,7.7,92%,1,0,0,0,0,Alex Garland,"Drama,Mystery,Sci-Fi,Thriller","United Kingdom,United States",English,108.0
27,Silver Linings Playbook,2012,18,7.7,92%,1,0,0,0,0,David O. Russell,"Comedy,Drama,Romance",United States,English,122.0
28,District 9,2009,18,7.9,90%,1,0,0,0,0,Neill Blomkamp,"Action,Sci-Fi,Thriller","South Africa,United States,New Zealand,Canada","English,Nyanja,Afrikaans,Zulu,Xhosa,Southern Sotho",112.0
31,Marriage Story,2019,18,8.0,95%,1,0,0,0,0,Noah Baumbach,"Comedy,Drama,Romance","United Kingdom,United States","English,Spanish",137.0
32,Drive,2011,18,7.8,92%,1,0,1,0,0,Nicolas Winding Refn,"Crime,Drama",United States,"English,Spanish",100.0
38,Mystic River,2003,18,7.9,88%,1,0,0,0,0,Clint Eastwood,"Crime,Drama,Mystery,Thriller","United States,Australia",English,138.0
42,Hell or High Water,2016,18,7.6,97%,1,0,0,0,0,David Mackenzie,"Action,Crime,Drama,Thriller,Western",United States,English,102.0
43,Sin City,2005,18,8.0,77%,1,0,0,0,0,"Frank Miller,Robert Rodriguez,Quentin Tarantino","Crime,Thriller",United States,English,124.0
44,Ip Man,2008,18,8.0,85%,1,0,0,0,0,Wilson Yip,"Action,Adventure,Biography,Drama,History","Hong Kong,China","Cantonese,Mandarin,Japanese",106.0
50,Magnolia,1999,18,8.0,83%,1,0,0,0,0,Paul Thomas Anderson,Drama,United States,"English,German,French",188.0
51,The Hateful Eight,2015,18,7.8,75%,1,0,0,0,0,Quentin Tarantino,"Crime,Drama,Mystery,Thriller,Western",United States,"English,Spanish,French",168.0
53,Moonlight,2016,18,7.4,98%,1,0,0,0,0,Barry Jenkins,Drama,United States,English,111.0
65,Road to Perdition,2002,18,7.7,81%,1,0,0,0,0,Sam Mendes,"Crime,Drama,Thriller",United States,English,117.0
67,Molly's Game,2017,18,7.4,82%,1,0,0,0,0,Aaron Sorkin,"Biography,Crime,Drama","China,Canada,United States",English,140.0
69,El Camino: A Breaking Bad Movie,2019,18,7.4,91%,1,0,0,0,0,Vince Gilligan,"Action,Crime,Drama",United States,English,122.0
70,The Invisible Guest,2016,18,8.1,67%,1,0,0,0,0,Oriol Paulo,"Crime,Mystery,Thriller",Spain,Spanish,106.0
72,End of Watch,2012,18,7.6,85%,1,0,0,0,0,David Ayer,"Action,Crime,Drama,Thriller",United States,"English,Spanish",109.0
74,About Time,2013,18,7.8,68%,1,0,0,0,0,Richard Curtis,"Comedy,Drama,Fantasy,Romance,Sci-Fi",United Kingdom,English,123.0
76,Blue Is the Warmest Color,2013,18,7.7,89%,1,0,0,0,0,Abdellatif Kechiche,"Drama,Romance","France,Belgium,Spain","French,English",180.0
77,Y Tu Mamá También,2001,18,7.6,92%,1,0,0,0,0,Alfonso Cuarón,Drama,Mexico,Spanish,106.0
80,The Edge of Seventeen,2016,18,7.3,94%,1,0,0,0,0,Kelly Fremon Craig,"Comedy,Drama","United States,China",English,104.0
84,The Matrix Reloaded,2003,18,7.2,73%,1,0,0,0,0,"Lana Wachowski,Lilly Wachowski","Action,Sci-Fi",United States,"English,French",138.0
86,The Last Samurai,2003,18,7.7,66%,1,0,0,0,0,Edward Zwick,"Action,Drama,War","United States,New Zealand,Japan","English,Japanese",154.0
87,The Florida Project,2017,18,7.6,96%,1,0,0,0,0,Sean Baker,Drama,United States,"English,Spanish,Portuguese",111.0
88,13th,2016,18,8.2,96%,1,0,0,0,0,Ava DuVernay,"Documentary,Crime,News",United States,English,100.0
91,Dolemite Is My Name,2019,18,7.3,97%,1,0,0,0,0,Craig Brewer,"Biography,Comedy,Drama",United States,English,118.0
97,Icarus,2017,18,7.9,93%,1,0,0,0,0,Bryan Fogel,"Documentary,Sport,Thriller",United States,"English,Russian",120.0
100,Jerry Maguire,1996,18,7.3,83%,1,0,0,0,0,Cameron Crowe,"Comedy,Drama,Romance,Sport",United States,"English,American Sign Language",139.0
101,The Death of Stalin,2017,18,7.2,96%,1,0,0,0,0,Armando Iannucci,"Comedy,Drama,History","United Kingdom,France,Belgium,Canada,United States",English,107.0
106,Good Time,2017,18,7.4,92%,1,0,0,0,0,"Benny Safdie,Josh Safdie","Crime,Drama,Thriller",United States,English,102.0
107,Ip Man 2,2010,18,7.5,96%,1,0,0,0,0,Wilson Yip,"Action,Biography,Drama,History","Hong Kong,China","Cantonese,Mandarin,English",108.0
113,Extraction,2020,18,6.8,68%,1,0,0,0,0,Sam Hargrave,"Action,Thriller",United States,"English,Hindi,Bengali",116.0
114,The Lobster,2015,18,7.2,87%,1,0,0,0,0,Yorgos Lanthimos,"Comedy,Drama,Romance,Sci-Fi,Thriller","Ireland,United Kingdom,Greece,France,Netherlands,United States","English,French,Greek",119.0
115,Blue Valentine,2010,18,7.4,87%,1,0,0,0,0,Derek Cianfrance,"Drama,Romance",United States,English,112.0
119,The Ballad of Buster Scruggs,2018,18,7.3,91%,1,0,0,0,0,"Ethan Coen,Joel Coen","Comedy,Drama,Musical,Mystery,Romance,Western",United States,"English,French",133.0
121,Burning,2018,18,7.5,95%,1,0,0,0,0,Chang-dong Lee,"Drama,Mystery","South Korea,Japan","Korean,English",148.0
125,Chasing Amy,1997,18,7.2,87%,1,0,0,0,0,Kevin Smith,"Comedy,Drama,Romance",United States,English,113.0
130,Blow,2001,18,7.6,55%,1,0,0,0,0,Ted Demme,"Biography,Crime,Drama","United States,Mexico",English,124.0
138,Steve Jobs,2015,18,7.2,85%,1,0,0,0,0,Danny Boyle,"Biography,Drama","United Kingdom,United States",English,122.0
143,Starred Up,2013,18,7.4,99%,1,0,1,0,0,David Mackenzie,"Crime,Drama",United Kingdom,English,106.0
144,Mudbound,2017,18,7.4,97%,1,0,0,0,0,Dee Rees,"Drama,War",United States,English,134.0
147,The Patriot,2000,18,7.2,61%,1,1,0,0,0,Roland Emmerich,"Action,Drama,History,War","United States,Germany","English,French",165.0
148,Babel,2006,18,7.4,69%,1,0,0,0,0,Alejandro G. Iñárritu,Drama,"France,United States,Mexico,Morocco","English,Arabic,Spanish,Japanese,Berber languages,French,Russian,Japanese Sign Language",143.0
150,Gerald's Game,2017,18,6.6,90%,1,0,0,0,0,Mike Flanagan,"Drama,Horror,Thriller",United States,English,103.0
153,Tinker Tailor Soldier Spy,2011,18,7.1,83%,1,0,0,0,0,Tomas Alfredson,"Drama,Mystery,Thriller","France,United Kingdom,Germany","English,Russian,Hungarian,French,Turkish",122.0
158,Elizabeth,1998,18,7.4,82%,1,0,0,0,0,Shekhar Kapur,"Biography,Drama,History",United Kingdom,"English,French",124.0
167,The Master,2012,18,7.2,85%,1,0,0,0,0,Paul Thomas Anderson,Drama,United States,"Filipino,English",138.0
168,A Serious Man,2009,18,7.0,90%,1,0,0,0,0,"Ethan Coen,Joel Coen","Comedy,Drama","United States,United Kingdom,France","English,Yiddish,Hebrew",106.0
169,The King,2019,18,7.2,70%,1,0,0,0,0,David Michôd,"Biography,Drama,History,Romance,War","United Kingdom,Hungary,United States,Australia","English,French",140.0
173,The Killing of a Sacred Deer,2017,18,7.0,79%,1,0,0,0,0,Yorgos Lanthimos,"Drama,Horror,Mystery,Thriller","Ireland,United Kingdom","English,French",121.0
174,Lawless,2012,18,7.3,67%,1,0,0,0,0,John Hillcoat,"Crime,Drama",United States,English,116.0
177,Freaks,2019,18,6.7,87%,1,0,0,0,0,"Zach Lipovsky,Adam B. Stein","Drama,Mystery,Sci-Fi,Thriller","Canada,United States",English,105.0
186,The Crying Game,1992,18,7.2,94%,1,0,0,0,0,Neil Jordan,"Crime,Drama,Romance,Thriller","United Kingdom,Japan",English,112.0
188,Shot Caller,2017,18,7.3,69%,1,0,0,0,0,Ric Roman Waugh,"Crime,Drama,Thriller",United States,English,121.0
190,A Most Violent Year,2014,18,7.0,89%,1,0,0,0,0,J.C. Chandor,"Action,Crime,Drama,Thriller","United States,United Arab Emirates","English,Spanish",125.0
198,The Foreigner,2017,18,7.0,65%,1,0,0,0,0,Martin Campbell,"Action,Thriller","United Kingdom,China,United States","English,Mandarin",113.0
199,The Danish Girl,2015,18,7.1,67%,1,0,0,0,0,Tom Hooper,"Biography,Drama,Romance","United Kingdom,United States,Germany,Denmark,Belgium,Japan","English,French,German",119.0
200,The Girl with All the Gifts,2016,18,6.6,86%,1,0,0,0,0,Colm McCarthy,"Drama,Horror,Sci-Fi,Thriller",United Kingdom,English,111.0
201,Bird Box,2018,18,6.6,63%,1,0,0,0,0,Susanne Bier,"Drama,Horror,Sci-Fi",United States,English,124.0
203,Hostiles,2017,18,7.2,72%,1,0,0,0,0,Scott Cooper,"Drama,Western",United States,"English,Cheyenne,French",134.0
205,Trumbo,2015,18,7.5,74%,1,0,1,0,0,Jay Roach,"Biography,Drama",United States,English,124.0
206,LA 92,2017,18,8.2,92%,1,0,0,0,0,"Daniel Lindsay,T.J. Martin","Documentary,History",United States,"English,Korean",114.0
207,20th Century Women,2016,18,7.3,88%,1,0,0,0,0,Mike Mills,"Comedy,Drama",United States,English,119.0
212,United 93,2006,18,7.5,90%,1,0,0,0,0,Paul Greengrass,"Drama,History,Thriller","United States,United Kingdom,France","English,Arabic,German",111.0
213,Patriot Games,1992,18,6.9,72%,1,0,1,0,0,Phillip Noyce,"Action,Thriller",United States,English,117.0
218,Mirage,2018,18,7.4,71%,1,0,1,0,0,Oriol Paulo,"Drama,Mystery,Romance,Thriller",Spain,Spanish,128.0
219,Everybody's Everything,2019,18,7.4,100%,1,0,0,0,0,"Sebastian Jones,Ramez Silyan",Documentary,United States,English,116.0
230,Kajaki,2014,18,7.1,100%,1,0,0,0,0,Paul Katis,"Adventure,Biography,Drama,Thriller,War",United Kingdom,English,108.0
232,The Night Comes for Us,2018,18,7.0,92%,1,0,0,0,0,Timo Tjahjanto,"Action,Thriller","Indonesia,United States","Indonesian,English,Mandarin,French",121.0
242,The End of the Tour,2015,18,7.3,92%,1,0,0,0,0,James Ponsoldt,"Biography,Drama",United States,English,106.0
245,The Death of Mr. Lazarescu,2005,18,7.9,93%,1,0,0,0,0,Cristi Puiu,"Comedy,Drama",Romania,Romanian,153.0
248,What Happened to Monday,2017,18,6.9,59%,1,0,0,0,0,Tommy Wirkola,"Action,Adventure,Crime,Fantasy,Mystery,Sci-Fi,Thriller","United Kingdom,France,United States,Belgium",English,123.0
255,Get Him to the Greek,2010,18,6.4,72%,1,0,0,0,0,Nicholas Stoller,"Comedy,Music",United States,English,109.0
257,The Meyerowitz Stories (New and Selected),2017,18,6.9,93%,1,0,0,0,0,Noah Baumbach,"Comedy,Drama",United States,English,112.0
261,Sinister,2012,18,6.8,64%,1,0,0,0,0,Scott Derrickson,"Horror,Mystery,Thriller","United States,United Kingdom,Canada",English,110.0
264,The Stanford Prison Experiment,2015,18,6.9,84%,1,0,0,0,0,Kyle Patrick Alvarez,"Biography,Drama,History,Thriller",United States,English,122.0
269,Jarhead,2005,18,7.0,61%,1,0,0,0,0,Sam Mendes,"Action,Biography,Drama,War","United States,United Kingdom,Germany","English,Spanish,Arabic,Latin",125.0
279,Public Enemies,2009,18,7.0,68%,1,0,0,0,0,Michael Mann,"Biography,Crime,Drama,History","United States,Japan",English,140.0
280,Supersonic,2016,18,7.9,84%,1,0,0,0,0,Mat Whitecross,"Documentary,Biography,Music",United Kingdom,English,122.0
283,Under the Skin,2014,18,6.3,85%,1,0,0,0,0,Jonathan Glazer,"Drama,Horror,Sci-Fi,Thriller","Switzerland,United Kingdom",English,108.0
284,Crip Camp: A Disability Revolution,2020,18,7.8,100%,1,0,0,0,0,"James Lebrecht,Nicole Newnham",Documentary,United States,English,106.0
287,Zack and Miri Make a Porno,2008,18,6.5,65%,1,0,0,0,0,Kevin Smith,"Comedy,Romance",United States,English,101.0
288,The Score,2001,18,6.8,73%,1,0,1,0,0,Frank Oz,"Crime,Drama,Thriller","Germany,Canada,United States","English,French",124.0
289,Hamburger Hill,1987,18,6.7,100%,1,0,1,0,0,John Irvin,"Action,Drama,Thriller,War",United States,"English,French",110.0
295,The Highwaymen,2019,18,6.9,57%,1,0,0,0,0,John Lee Hancock,"Biography,Crime,Drama,Mystery,Thriller",United States,"English,Spanish",132.0
296,Legend,2015,18,6.9,61%,1,0,0,0,0,Brian Helgeland,"Biography,Crime,Drama,Thriller","United Kingdom,France,United States",English,132.0
299,Terminator 3: Rise of the Machines,2003,18,6.3,69%,1,0,0,0,0,Jonathan Mostow,"Action,Sci-Fi","United States,Germany,United Kingdom",English,109.0
307,1922,2017,18,6.3,90%,1,0,0,0,0,Zak Hilditch,"Crime,Drama,Horror,Mystery,Thriller",United States,English,102.0
317,American Honey,2016,18,7.0,79%,1,0,0,0,0,Andrea Arnold,"Drama,Romance","United Kingdom,United States",English,163.0
319,Udta Punjab,2016,18,7.8,91%,1,0,0,0,0,Abhishek Chaubey,"Action,Crime,Drama",India,Hindi,148.0
326,22-Jul,2018,18,6.8,80%,1,0,0,0,0,Paul Greengrass,"Crime,Drama,History,Thriller","Norway,Iceland,United States","English,Norwegian",143.0
329,Triple Frontier,2019,18,6.4,72%,1,0,0,0,0,J.C. Chandor,"Action,Adventure,Crime,Drama,Thriller",United States,"English,Spanish,Portuguese",125.0
341,The Interview,2014,18,6.5,52%,1,1,1,0,0,"Evan Goldberg,Seth Rogen","Action,Adventure,Comedy",United States,"English,Korean",112.0
343,Outbreak,1995,18,6.6,59%,1,0,0,0,0,Wolfgang Petersen,"Action,Drama,Thriller",United States,"English,Korean,French",127.0
344,Black Snake Moan,2006,18,6.9,66%,1,0,1,0,0,Craig Brewer,"Drama,Music",United States,English,116.0
350,Calibre,2018,18,6.7,93%,1,0,0,0,0,Matt Palmer,"Drama,Thriller",United Kingdom,English,101.0
351,First They Killed My Father,2017,18,7.2,89%,1,0,0,0,0,Angelina Jolie,"Biography,Drama,History,War","Cambodia,United States","Khmer,English,French",136.0
355,Kill the Messenger,2014,18,6.9,77%,1,0,0,0,0,Michael Cuesta,"Biography,Crime,Drama,Mystery,Thriller",United States,English,112.0
358,Outlaw King,2018,18,6.9,61%,1,0,0,0,0,David Mackenzie,"Action,Biography,Drama,History,War","United Kingdom,United States","English,French,Scottish Gaelic",121.0
362,De Palma,2016,18,7.4,94%,1,0,0,0,0,"Noah Baumbach,Jake Paltrow","Documentary,Biography",United States,English,110.0
363,Dear Ex,2018,18,7.4,89%,1,0,0,0,0,"Chih-Yen Hsu,Mag Hsu","Comedy,Drama,Romance",Taiwan,Mandarin,100.0
368,Bleed for This,2016,18,6.8,69%,1,0,0,0,0,Ben Younger,"Biography,Drama,Sport",United States,"English,French",117.0
369,Girl,2018,18,7.2,84%,1,0,1,0,0,Lukas Dhont,Drama,"Belgium,Netherlands","French,Flemish,English",105.0
383,Alpha Dog,2006,18,6.9,54%,1,0,0,0,0,Nick Cassavetes,"Biography,Crime,Drama,Thriller","Germany,United States",English,122.0
386,"Extremely Wicked, Shockingly Evil and Vile",2019,18,6.6,55%,1,0,0,0,0,Joe Berlinger,"Biography,Crime,Drama,Thriller",United States,English,110.0
387,Heneral Luna,2015,18,7.6,71%,1,0,0,0,0,Jerrold Tarog,"Action,Biography,History,War",Philippines,"Filipino,Tagalog,English,Spanish",118.0
402,She's Out of My League,2010,18,6.4,58%,1,0,1,0,0,Jim Field Smith,"Comedy,Romance",United States,"English,Ukrainian",104.0
418,Everybody Knows,2018,18,6.9,78%,1,0,0,0,0,Asghar Farhadi,"Crime,Drama,Mystery,Thriller","Spain,France,Italy,Argentina,Germany","Spanish,English,Catalan",133.0
425,Beyond the Mat,1999,18,7.6,82%,1,0,0,0,0,Barry W. Blaustein,"Documentary,Biography,Sport",United States,English,102.0
437,The Water Diviner,2014,18,7.0,61%,1,0,0,0,0,Russell Crowe,"Drama,History,War","Australia,United States","English,Turkish,Greek,Russian",111.0
438,Gaga: Five Foot Two,2017,18,7.0,74%,1,0,0,0,0,Chris Moukarbel,"Documentary,Music",United States,English,100.0
441,Black Sea,2014,18,6.4,80%,1,0,0,0,0,Kevin Macdonald,"Adventure,Drama,Thriller","United Kingdom,Russia,United States","English,Russian",114.0
442,Ali's Wedding,2017,18,6.9,92%,1,0,0,0,0,Jeffrey Walker,"Comedy,Drama,Romance",Australia,"English,Persian,Arabic",110.0
444,Mississippi Grind,2015,18,6.4,91%,1,0,0,0,0,"Anna Boden,Ryan Fleck","Comedy,Drama",United States,English,108.0
450,Scary Movie,2000,18,6.2,53%,1,0,0,0,0,Wes Craven,"Horror,Mystery",United States,English,111.0
453,The Exception,2017,18,6.8,74%,1,0,0,0,0,David Leveaux,"Drama,Romance,War","United Kingdom,United States",English,107.0
460,Cadillac Records,2008,18,7.0,67%,1,0,0,0,0,Darnell Martin,"Biography,Drama,Music",United States,English,109.0
463,The Runaways,2010,18,6.5,70%,1,0,0,0,0,Floria Sigismondi,"Biography,Drama,Music",United States,English,106.0
467,Sleeping with Other People,2015,18,6.5,64%,1,0,0,0,0,Leslye Headland,"Comedy,Drama,Romance",United States,English,101.0
471,Neruda,2016,18,6.9,93%,1,0,0,0,0,Pablo Larraín,"Biography,Crime,Drama,History,Thriller","Chile,Argentina,France,Spain,United States","Spanish,French,Dutch,Mapudungun",107.0
484,All the Bright Places,2020,18,6.5,68%,1,0,0,0,0,Brett Haley,"Drama,Romance",United States,English,107.0
492,Trash,2014,18,7.2,66%,1,0,0,0,0,"Stephen Daldry,Christian Duurvoort","Adventure,Crime,Drama,Mystery,Thriller","United Kingdom,Brazil,Germany","Portuguese,English",114.0
493,The Photographer of Mauthausen,2018,18,6.7,83%,1,0,0,0,0,Mar Targarona,"Biography,Drama,History,Thriller,War",Spain,"Spanish,German",110.0
509,The World Is Yours,2018,18,6.4,100%,1,0,0,0,0,Romain Gavras,"Comedy,Crime",France,"French,English,Spanish,Arabic",102.0
510,Berlin Syndrome,2017,18,6.3,75%,1,0,0,0,0,Cate Shortland,"Drama,Horror,Mystery,Thriller",Australia,"English,German,Russian",116.0
511,Furie,2019,18,5.8,95%,1,0,0,0,0,David Ayer,"Action,Drama,War","United States,China,United Kingdom","English,German",134.0
528,Kaabil,2017,18,7.1,70%,1,0,0,0,0,Sanjay Gupta,"Action,Drama,Thriller",India,Hindi,139.0
529,The Company Men,2010,18,6.7,67%,1,0,0,0,0,John Wells,Drama,United States,English,104.0
543,Soni,2019,18,7.2,85%,1,0,0,0,0,Nicolas Cage,"Crime,Drama",United States,English,110.0
577,The Angel,2018,18,6.6,75%,1,0,1,0,0,Ariel Vromen,"Drama,Thriller","Israel,United States","English,Hebrew,Arabic,Italian",114.0
586,Breath,2017,18,6.7,80%,1,0,1,0,0,Simon Baker,"Drama,Romance,Sport",Australia,English,115.0
587,Kodachrome,2017,18,6.8,72%,1,0,0,0,0,Mark Raso,Drama,"Canada,United States",English,105.0
588,Operation Red Sea,2018,18,6.7,80%,1,0,0,0,0,Dante Lam,"Action,Drama,Thriller,War","China,Morocco,Hong Kong","Mandarin,Arabic,English",142.0
615,Son of a Gun,2014,18,6.5,62%,1,0,0,0,0,Julius Avery,"Action,Crime,Drama,Thriller","Australia,United Kingdom,Canada","English,Serbo-Croatian",108.0
619,Raees,2017,18,6.8,67%,1,0,0,0,0,Rahul Dholakia,"Action,Crime,Drama",India,Hindi,143.0
620,The Rover,2014,18,6.4,66%,1,0,0,0,0,David Michôd,"Action,Crime,Drama,Sci-Fi","Australia,United States","English,Chinese",103.0
622,The Other Side of the Wind,2018,18,6.8,83%,1,0,0,0,0,Orson Welles,Drama,"France,Iran,United States","English,German",122.0
625,Let It Fall: Los Angeles 1982-1992,2017,18,7.7,100%,1,0,0,0,0,John Ridley,"Documentary,History",United States,English,144.0
631,Jersey Boys,2014,18,6.8,51%,1,0,0,0,0,Clint Eastwood,"Biography,Drama,Music,Musical",United States,"English,Italian,French",134.0
638,A Futile and Stupid Gesture,2018,18,6.8,61%,1,0,0,0,0,David Wain,"Biography,Comedy",United States,English,101.0
658,Survivor's Guide to Prison,2018,18,7.1,100%,1,0,0,0,0,Matthew Cooke,Documentary,United States,English,102.0
675,Into the Forest,2016,18,5.8,76%,1,0,0,0,0,Patricia Rozema,"Drama,Horror,Sci-Fi,Thriller",Canada,English,101.0
684,Promised Land,2012,18,6.6,52%,1,0,0,0,0,Gus Van Sant,Drama,"United States,United Arab Emirates",English,106.0
687,Goldstone,2016,18,6.5,76%,1,0,0,0,0,Ivan Sen,"Crime,Thriller",Australia,"English,Mandarin",110.0
692,Horse Girl,2020,18,5.9,72%,1,0,0,0,0,Jeff Baena,"Drama,Mystery,Thriller",United States,English,103.0
701,In the Shadow of the Moon,2019,18,6.2,59%,1,0,0,0,0,Jim Mickle,"Crime,Mystery,Sci-Fi,Thriller","United States,Canada",English,115.0
706,Wakefield,2017,18,6.3,74%,1,0,0,0,0,Robin Swicord,Drama,United States,English,106.0
709,Man of Tai Chi,2013,18,6.1,70%,1,0,0,0,0,Keanu Reeves,"Action,Drama","United States,China,Hong Kong","Cantonese,English,Mandarin",105.0
720,First Match,2018,18,6.3,82%,1,0,0,0,0,Olivia Newman,"Drama,Sport",United States,English,102.0
732,Seoul Searching,2015,18,7.1,75%,1,0,0,0,0,Benson Lee,"Comedy,Drama,Music,Romance","South Korea,China,United States","English,Korean,German",105.0
734,Kickboxer: Retaliation,2018,18,5.0,92%,1,0,0,0,0,Dimitri Logothetis,"Action,Drama",United States,English,110.0
754,All Day and a Night,2020,18,5.9,53%,1,0,0,0,0,Joe Robert Cole,Drama,United States,English,121.0
771,May the Devil Take You,2018,18,6.0,83%,1,0,0,0,0,Timo Tjahjanto,Horror,Indonesia,Indonesian,110.0
775,The Occupant,2020,18,6.3,50%,1,0,0,0,0,"David Pastor,Àlex Pastor","Drama,Thriller",Spain,Spanish,103.0
780,Velvet Buzzsaw,2019,18,5.7,62%,1,0,0,0,0,Dan Gilroy,"Horror,Mystery,Thriller",United States,English,113.0
791,School Daze,1988,18,6.0,58%,1,0,0,0,0,Spike Lee,"Comedy,Drama,Musical",United States,English,121.0
799,The Ballad of Lefty Brown,2017,18,6.3,78%,1,0,0,0,0,Jared Moshe,"Action,Drama,Western",United States,English,111.0
810,Kabhi Alvida Naa Kehna,2006,18,6.1,58%,1,0,0,0,0,Karan Johar,"Drama,Romance",India,"Hindi,English",193.0
813,Maps to the Stars,2014,18,6.2,61%,1,0,0,0,0,David Cronenberg,"Comedy,Drama","Canada,Germany,France,United States",English,111.0
818,Occupation,2018,18,5.1,50%,1,0,0,0,0,Luke Sparke,"Action,Drama,Sci-Fi",Australia,English,119.0
824,Chronicle of an Escape,2006,18,7.2,67%,1,0,0,0,0,Israel Adrián Caetano,"Crime,Thriller",Argentina,Spanish,103.0
854,Alone in Berlin,2016,18,6.5,57%,1,0,0,0,0,Vincent Perez,"Drama,History,War","United Kingdom,France,Germany",English,103.0
867,Mean Dreams,2016,18,6.3,78%,1,0,0,0,0,Nathan Morlando,Thriller,Canada,English,108.0
877,14 Blades,2010,18,6.3,69%,1,0,0,0,0,Daniel Lee,"Action,History,Thriller","Hong Kong,China,Singapore",Mandarin,114.0
892,Beyond Skyline,2017,18,5.3,63%,1,0,0,0,0,Liam O'Donnell,"Action,Adventure,Horror,Sci-Fi,Thriller","United Kingdom,China,Canada,Indonesia,Singapore,United States","English,Indonesian",106.0
897,Concussion,2013,18,5.6,75%,1,0,0,0,0,Peter Landesman,"Biography,Drama,Sport","United Kingdom,Australia,United States",English,123.0
903,The Rum Diary,2011,18,6.2,51%,1,0,0,0,0,Bruce Robinson,"Comedy,Drama","United States,United Kingdom","English,Spanish,German",119.0
927,My Suicide,2009,18,7.2,57%,1,0,0,0,0,David Lee Miller,"Comedy,Drama",United States,English,107.0
945,To the Bone,2017,18,6.8,73%,1,0,0,0,0,Marti Noxon,Drama,United States,English,107.0
946,Kabali,2016,18,6.2,64%,1,0,1,0,0,Pa. Ranjith,"Action,Crime,Drama",India,"Tamil,Telugu,Hindi,English,Malayalam,Mandarin,French",153.0
967,The Lovers,2017,18,6.0,84%,1,0,0,0,0,George Stevens,"Drama,Romance",United States,English,122.0
990,Rolling Thunder Revue: A Bob Dylan Story by Martin Scorsese,2019,18,7.7,92%,1,0,0,0,0,Martin Scorsese,"Documentary,Biography,History,Music",United States,English,142.0
1008,Results,2015,18,5.4,84%,1,0,0,0,0,Andrew Bujalski,"Comedy,Romance",United States,"English,Japanese",105.0
1033,The Body Remembers When the World Broke Open,2019,18,6.7,97%,1,0,0,0,0,"Kathleen Hepburn,Elle-Máijá Tailfeathers",Drama,"Canada,Norway",English,105.0
1036,Gemini,2018,18,5.4,71%,1,1,0,0,0,David Cronenberg,"Drama,Horror,Thriller",Canada,English,116.0
1078,Come and Find Me,2016,18,5.7,62%,1,0,0,0,0,Zack Whedon,Thriller,"Canada,United States,United Kingdom",English,112.0
1085,The Rachel Divide,2018,18,6.2,71%,1,0,0,0,0,Laura Brownson,Documentary,United States,English,100.0
1113,Jeremiah Tower: The Last Magnificent,2016,18,6.4,84%,1,0,0,0,0,"Lydia Tenaglia,Morgan Fallon","Documentary,Biography","Mexico,United States",English,103.0
1150,St. Agatha,2019,18,5.2,64%,1,0,0,0,0,Darren Lynn Bousman,"Horror,Thriller",United States,English,103.0
1165,The Tribes of Palos Verdes,2017,18,5.8,64%,1,0,0,0,0,"Brendan Malloy,Emmett Malloy",Drama,United States,English,104.0
1203,The Motive,2017,18,6.5,63%,1,0,0,0,0,Manuel Martín Cuenca,"Comedy,Drama","Spain,Mexico","Spanish,English",112.0
1220,Shepherds and Butchers,2017,18,6.8,56%,1,0,0,0,0,Oliver Schmitz,Drama,"South Africa,United States,Germany","English,Afrikaans",106.0
1230,Close Enemies,2018,18,6.3,58%,1,0,0,0,0,David Oelhoffen,"Drama,Thriller","France,Belgium","French,Arabic",111.0
1238,Wine Country,2019,18,5.4,68%,1,0,0,0,0,Amy Poehler,Comedy,United States,English,103.0
1244,Buffalo Boys,2018,18,5.8,79%,1,0,0,0,0,Mike Wiluan,"Action,Drama,History,Thriller","Indonesia,Singapore","Indonesian,English",102.0
1356,The Most Assassinated Woman in the World,2018,18,5.3,86%,1,0,0,0,0,Franck Ribière,"Biography,Drama,Mystery,Thriller","Belgium,United Kingdom,United States",French,102.0
1376,The Same Blood,2019,18,6.0,100%,1,0,0,0,0,Miguel Cohan,"Drama,Mystery,Thriller","Argentina,United States",Spanish,113.0
1456,Earthquake Bird,2019,18,5.9,57%,1,0,0,0,0,Wash Westmoreland,"Crime,Drama,Mystery,Romance,Thriller","United Kingdom,Japan,United States","English,Japanese",107.0
1524,The Black Godfather,2019,18,6.5,100%,1,0,1,0,0,Reginald Hudlin,Documentary,United States,English,118.0
1647,Cezanne and I,2016,18,6.0,53%,1,0,0,0,0,Danièle Thompson,"Biography,Drama","Belgium,France",French,117.0
1793,A Dangerous Woman,1993,18,5.8,50%,1,0,0,0,0,Stephen Gyllenhaal,"Drama,Romance",United States,English,102.0
2375,The (Silent) War,2019,18,5.6,56%,1,0,0,0,0,Alfonso Cortés-Cavanillas,"Action,Drama",Spain,Spanish,121.0
3562,GoodFellas,1990,18,8.7,96%,0,1,0,0,0,Martin Scorsese,"Biography,Crime,Drama",United States,"English,Italian",146.0
3563,Parasite,2019,18,8.6,99%,0,1,1,0,0,Bong Joon Ho,"Comedy,Drama,Thriller",South Korea,"Korean,English",132.0
3564,Good Will Hunting,1997,18,8.3,97%,0,1,0,0,0,Gus Van Sant,"Drama,Romance",United States,English,126.0
3565,The Green Mile,1999,18,8.6,78%,0,1,0,0,0,Frank Darabont,"Crime,Drama,Fantasy,Mystery",United States,"English,French",189.0
3568,Kill Bill: Vol. 1,2003,18,8.1,85%,0,1,0,0,0,Quentin Tarantino,"Action,Crime,Thriller","United States,Japan","English,Japanese,French",111.0
3571,Kill Bill: Vol. 2,2004,18,8.0,84%,0,1,0,0,0,Quentin Tarantino,"Action,Crime,Thriller",United States,"English,Cantonese,Mandarin,Spanish",137.0
3572,Let the Right One In,2008,18,7.9,98%,0,1,0,0,0,Tomas Alfredson,"Drama,Horror,Romance",Sweden,"Swedish,Spanish",114.0
3574,Akira,1988,18,8.0,90%,0,1,0,0,0,Katsuhiro Ôtomo,"Animation,Drama,Sci-Fi,Thriller",Japan,Japanese,124.0
3575,50/50,2011,18,7.6,93%,0,1,0,0,0,Jonathan Levine,"Comedy,Drama,Romance",United States,English,100.0
3578,Portrait of a Lady on Fire,2019,18,8.2,98%,0,1,0,0,0,Céline Sciamma,"Drama,Romance",France,"French,Italian",122.0
3579,Misery,1990,18,7.8,90%,0,1,0,0,0,Rob Reiner,"Drama,Thriller",United States,English,107.0
3580,The Conjuring,2013,18,7.5,85%,0,1,0,0,0,James Wan,"Horror,Mystery,Thriller",United States,"English,Latin",112.0
3582,Captain Fantastic,2016,18,7.9,82%,0,1,0,0,0,Matt Ross,"Comedy,Drama",United States,"English,Esperanto",118.0
3583,"I, Tonya",2017,18,7.5,89%,0,1,0,0,0,Craig Gillespie,"Biography,Comedy,Drama,Sport","United Kingdom,United States,Qatar",English,119.0
3585,Shoplifters,2018,18,8.0,99%,0,1,0,0,0,Hirokazu Koreeda,"Crime,Drama",Japan,Japanese,121.0
3586,Up in the Air,2009,18,7.4,91%,0,1,1,0,0,Jason Reitman,"Comedy,Drama,Romance",United States,English,109.0
3592,Booksmart,2019,18,7.2,97%,0,1,0,0,0,Olivia Wilde,Comedy,United States,"English,Mandarin,Spanish",102.0
3596,Annihilation,2018,18,6.9,88%,0,1,1,0,0,Alex Garland,"Adventure,Drama,Horror,Mystery,Sci-Fi,Thriller","United Kingdom,United States",English,115.0
3597,Heathers,1989,18,7.2,93%,0,1,1,0,0,Michael Lehmann,"Comedy,Crime",United States,English,103.0
3604,13 Assassins,2010,18,7.6,95%,0,1,0,0,0,Takashi Miike,"Action,Adventure,Drama","Japan,United Kingdom",Japanese,141.0
3605,The Host,2006,18,7.1,93%,0,1,0,0,0,Bong Joon Ho,"Action,Drama,Horror,Sci-Fi",South Korea,"Korean,English",120.0
3606,Volver,2006,18,7.6,91%,0,1,0,0,0,Pedro Almodóvar,"Comedy,Drama",Spain,Spanish,121.0
3607,We Need to Talk About Kevin,2011,18,7.5,75%,0,1,1,0,0,Lynne Ramsay,"Drama,Mystery,Thriller","United Kingdom,United States",English,112.0
3608,Let Me In,2010,18,7.1,88%,0,1,0,0,0,Matt Reeves,"Drama,Fantasy,Horror,Mystery,Thriller","United Kingdom,United States",English,116.0
3610,A Simple Favor,2018,18,6.8,85%,0,1,1,0,0,Paul Feig,"Comedy,Crime,Drama,Mystery,Thriller","Canada,United States",English,117.0
3618,Hotel Mumbai,2018,18,7.6,76%,0,1,0,0,0,Anthony Maras,"Action,Drama,History,Thriller","Australia,United States,United Kingdom,India,Singapore",English,123.0
3625,Melancholia,2011,18,7.2,80%,0,1,0,0,0,Lars von Trier,"Drama,Sci-Fi","Denmark,Sweden,France,Germany",English,135.0
3627,The Second Mother,2015,18,7.8,97%,0,1,1,0,0,Anna Muylaert,"Comedy,Drama",Brazil,Portuguese,112.0
3634,Sorry to Bother You,2018,18,6.9,93%,0,1,0,0,0,Boots Riley,"Comedy,Fantasy,Sci-Fi",United States,English,112.0
3636,Detroit,2017,18,7.3,83%,0,1,0,0,0,Kathryn Bigelow,"Crime,Drama,History,Thriller",United States,English,143.0
3640,Border,2018,18,7.0,97%,0,1,0,0,0,Ali Abbasi,"Crime,Drama,Fantasy,Romance,Thriller","Sweden,Denmark","Swedish,English",110.0
3642,If Beale Street Could Talk,2018,18,7.1,95%,0,1,0,0,0,Barry Jenkins,"Drama,Romance",United States,"English,Spanish",119.0
3647,Gods and Monsters,1998,18,7.4,95%,0,1,0,0,0,Bill Condon,"Biography,Drama","United States,United Kingdom","English,Hungarian",105.0
3651,The Sisters Brothers,2018,18,7.0,87%,0,1,0,0,0,Jacques Audiard,"Crime,Drama,Western","France,Spain,Romania,Belgium,United States",English,122.0
3653,Monos,2019,18,7.1,92%,0,1,0,0,0,Alejandro Landes,"Adventure,Drama,Thriller","Colombia,Argentina,Netherlands,Germany,Sweden,Uruguay,United States,Switzerland,Denmark,France","Spanish,English",102.0
3654,The Nightingale,2019,18,7.3,86%,0,1,0,0,0,Jennifer Kent,"Adventure,Drama,Thriller",Australia,"English,Irish,Aboriginal",136.0
3661,The Messenger,2009,18,7.1,89%,0,1,1,0,0,Oren Moverman,"Drama,Romance,War",United States,"English,Spanish",113.0
3662,Cartel Land,2015,18,7.4,90%,0,1,1,0,0,Matthew Heineman,"Documentary,News",United States,"English,Spanish",100.0
3663,Professor Marston and the Wonder Women,2017,18,7.1,86%,0,1,0,0,0,Angela Robinson,"Biography,Drama",United States,English,108.0
3670,Wild Rose,2019,18,7.2,92%,0,1,0,0,0,Tom Harper,"Comedy,Drama,Music","United Kingdom,United States,Canada",English,101.0
3671,Kinsey,2004,18,7.0,90%,0,1,0,0,0,Bill Condon,"Biography,Drama,Romance","United States,Germany",English,118.0
3672,Demolition Man,1993,18,6.7,59%,0,1,0,0,0,Marco Brambilla,"Action,Sci-Fi,Thriller",United States,English,115.0
3674,"The Good, The Bad, The Weird",2008,18,7.3,82%,0,1,0,0,0,Jee-woon Kim,"Action,Adventure,Comedy,Western",South Korea,"Korean,Mandarin,Japanese",139.0
3685,Anthropoid,2016,18,7.2,66%,0,1,0,0,0,Sean Ellis,"Action,Biography,Drama,History,Romance,Thriller,War","Czech Republic,United Kingdom,United States,France","English,Czech,German",120.0
3695,Killer Joe,2011,18,6.7,79%,0,1,0,0,0,William Friedkin,"Crime,Drama,Thriller",United States,English,102.0
3698,Colossal,2016,18,6.2,81%,0,1,0,0,0,Nacho Vigalondo,"Comedy,Drama,Fantasy,Sci-Fi,Thriller","Canada,United States,Spain,South Korea","English,Korean",109.0
3699,Luce,2019,18,6.7,91%,0,1,0,0,0,Julius Onah,"Drama,Mystery",United States,English,109.0
3700,Oculus,2014,18,6.5,75%,0,1,0,0,0,Mike Flanagan,"Horror,Mystery",United States,English,104.0
3702,Borg vs McEnroe,2017,18,6.9,84%,0,1,0,0,0,Janus Metz,"Biography,Drama,Sport","Sweden,Denmark,Finland","English,Swedish,French,Spanish,German",107.0
3706,Arbitrage,2012,18,6.6,88%,0,1,1,0,0,Nicholas Jarecki,"Drama,Thriller","United States,Poland",English,107.0
3710,The Art of Self-Defense,2019,18,6.7,84%,0,1,0,0,0,Riley Stearns,"Comedy,Crime,Drama,Mystery,Thriller",United States,"English,French,German",104.0
3721,The Cooler,2003,18,6.9,77%,0,1,1,0,0,Wayne Kramer,"Drama,Romance",United States,English,101.0
3722,In the Fade,2017,18,7.1,77%,0,1,0,0,0,Fatih Akin,"Crime,Drama,Thriller","Germany,France","German,Greek,English,Turkish",106.0
3724,Christine,2016,18,6.9,88%,0,1,0,0,0,John Carpenter,"Horror,Thriller",United States,English,110.0
3731,Ben Is Back,2018,18,6.7,82%,0,1,0,0,0,Peter Hedges,Drama,United States,English,103.0
3740,Gloria,2013,18,6.8,99%,0,1,0,0,0,Edward Zwick,"Biography,Drama,History,War",United States,English,122.0
3747,Soul Food,1997,18,7.0,81%,0,1,0,0,0,George Tillman Jr.,"Comedy,Drama",United States,English,115.0
3752,Shirley Valentine,1989,18,7.2,73%,0,1,0,0,0,Lewis Gilbert,"Comedy,Drama,Romance","United Kingdom,United States",English,108.0
3758,Skate Kitchen,2018,18,6.8,89%,0,1,0,0,0,Crystal Moselle,Drama,"United States,United Kingdom,Brazil","English,Spanish",106.0
3760,What They Had,2018,18,6.6,87%,0,1,0,0,0,Elizabeth Chomko,Drama,United States,English,101.0
3772,Lords of Chaos,2019,18,6.5,74%,0,1,0,0,0,Jonas Åkerlund,"Biography,Drama,Horror,Music,Thriller","United Kingdom,Sweden,Norway",English,118.0
3773,The Frozen Ground,2013,18,6.4,61%,0,1,1,0,0,Scott Walker,"Crime,Drama,Thriller",United States,"English,French",105.0
3788,Gorky Park,1983,18,6.8,75%,0,1,1,0,0,Michael Apted,"Crime,Drama,Mystery,Thriller",United States,English,128.0
3797,Destroyer,2018,18,6.2,74%,0,1,0,0,0,Karyn Kusama,"Action,Crime,Drama,Mystery,Thriller",United States,English,121.0
3804,Pet Sematary,2019,18,5.7,58%,0,1,1,0,0,"Kevin Kölsch,Dennis Widmyer","Horror,Mystery,Thriller","United States,Canada",English,101.0
3824,The Mexican,2001,18,6.1,54%,0,1,0,0,0,Gore Verbinski,"Adventure,Comedy,Crime,Romance","United States,Mexico","English,Spanish",123.0
3827,Assassination Nation,2018,18,5.9,73%,0,1,0,0,0,Sam Levinson,"Action,Comedy,Crime,Drama,Horror,Thriller",United States,"English,Italian",108.0
3828,Friends with Kids,2012,18,6.1,67%,0,1,1,0,0,Jennifer Westfeldt,"Comedy,Drama,Romance",United States,English,107.0
3830,I Remember You,2017,18,6.1,86%,0,1,1,0,0,Óskar Thór Axelsson,"Drama,Horror,Mystery,Thriller",Iceland,Icelandic,105.0
3834,Welcome to the Rileys,2010,18,7.0,54%,0,1,1,0,0,Jake Scott,Drama,"United Kingdom,United States",English,110.0
3837,Waiting to Exhale,1995,18,5.9,56%,0,1,0,0,0,Forest Whitaker,"Comedy,Drama,Romance",United States,English,124.0
3841,Aniara,2019,18,6.2,70%,0,1,0,0,0,"Pella Kagerman,Hugo Lilja","Drama,Sci-Fi","Sweden,Denmark","Swedish,Spanish,English",106.0
3843,Little Woods,2018,18,6.1,96%,0,1,0,0,0,Nia DaCosta,"Crime,Drama,Western",United States,English,105.0
3860,A Very Sordid Wedding,2017,18,5.3,86%,0,1,1,0,0,Del Shores,Comedy,United States,English,109.0
3877,Touched with Fire,2016,18,6.2,68%,0,1,1,0,0,Paul Dalio,"Drama,Romance",United States,English,106.0
3890,Non-Fiction,2018,18,6.5,87%,0,1,0,0,0,Olivier Assayas,"Comedy,Drama,Romance",France,French,108.0
3906,High-Rise,2015,18,5.6,60%,0,1,0,0,0,Ben Wheatley,"Drama,Sci-Fi","United Kingdom,Ireland,Belgium",English,119.0
3912,Haze,2017,18,5.9,88%,0,1,1,0,0,David Burkman,"Drama,Thriller",United States,English,106.0
3922,This Is Not Berlin,2019,18,6.6,82%,0,1,0,0,0,Hari Sama,Drama,Mexico,Spanish,115.0
3927,Vox Lux,2018,18,5.9,61%,0,1,0,0,0,Brady Corbet,"Drama,Music",United States,"English,Croatian,Chinese",114.0
3952,Go Tigers!,2001,18,7.2,85%,0,1,0,0,0,Kenneth A. Carlson,"Documentary,Sport",United States,English,103.0
3960,A Crooked Somebody,2018,18,6.2,80%,0,1,0,0,0,Trevor White,"Crime,Drama,Thriller",United States,English,102.0
3982,Before We Vanish,2017,18,6.0,80%,0,1,0,0,0,Kiyoshi Kurosawa,"Drama,Sci-Fi",Japan,Japanese,129.0
3989,Damsel,2018,18,5.5,67%,0,1,0,0,0,"David Zellner,Nathan Zellner","Adventure,Comedy,Crime,Drama,Romance,Western",United States,English,113.0
3999,Men with Brooms,2002,18,5.7,55%,0,1,0,0,0,Paul Gross,"Comedy,Drama,Romance,Sport",Canada,"English,American Sign Language,German",102.0
4055,Bolden,2019,18,5.6,70%,0,1,1,0,0,Dan Pritzker,Drama,United States,English,108.0
4183,Ismael's Ghosts,2017,18,5.6,51%,0,1,0,0,0,Arnaud Desplechin,"Drama,Romance,Thriller",France,"French,Hebrew",114.0
4441,Downfall,2004,18,8.2,90%,0,0,1,0,0,Oliver Hirschbiegel,"Biography,Drama,History,War","Germany,Austria,Italy","French,English,German,Russian",156.0
4446,Rosemary's Baby,1968,18,8.0,96%,0,0,1,0,0,Roman Polanski,"Drama,Horror",United States,English,137.0
4447,Amores Perros,2000,18,8.1,92%,0,0,1,0,0,Alejandro G. Iñárritu,"Drama,Thriller",Mexico,Spanish,154.0
4450,The Girl with the Dragon Tattoo,2009,18,7.8,85%,0,0,1,0,0,David Fincher,"Crime,Drama,Mystery,Thriller","United States,Sweden,Norway","English,Swedish",158.0
4451,The Big Sick,2017,18,7.5,98%,0,0,1,0,0,Michael Showalter,"Comedy,Drama,Romance",United States,"English,Urdu",120.0
4452,Manchester by the Sea,2016,18,7.8,96%,0,0,1,0,0,Kenneth Lonergan,Drama,United States,English,137.0
4453,The Man from Nowhere,2010,18,7.8,100%,0,0,1,0,0,Jeong-beom Lee,"Action,Drama,Thriller",South Korea,"Korean,English",119.0
4458,The Machinist,2004,18,7.7,77%,0,0,1,0,0,Brad Anderson,"Drama,Thriller","Spain,France,United Kingdom,United States","English,Spanish",101.0
4462,The Disaster Artist,2017,18,7.4,91%,0,0,1,0,0,James Franco,"Biography,Comedy,Drama",United States,English,104.0
4465,The Lighthouse,2019,18,7.6,90%,0,0,1,0,0,Robert Eggers,"Drama,Fantasy,Horror,Mystery","Canada,United States",English,109.0
4467,The Wailing,2016,18,7.5,99%,0,0,1,0,0,Hong-jin Na,"Horror,Mystery,Thriller","South Korea,United States","Korean,Japanese",156.0
4473,Apocalypto,2006,18,7.8,66%,0,0,1,0,0,Mel Gibson,"Action,Adventure,Drama,Thriller","United States,Mexico,United Kingdom",Maya,139.0
4476,Hereditary,2018,18,7.3,89%,0,0,1,0,0,Ari Aster,"Drama,Horror,Mystery,Thriller",United States,"English,Spanish",127.0
4478,The Lincoln Lawyer,2011,18,7.3,84%,0,0,1,0,0,Brad Furman,"Crime,Drama,Thriller",United States,English,118.0
4489,Mississippi Burning,1988,18,7.8,83%,0,0,1,0,0,Alan Parker,"Crime,Drama,History,Mystery,Thriller",United States,English,128.0
4490,Inside Llewyn Davis,2013,18,7.5,92%,0,0,1,0,0,"Ethan Coen,Joel Coen","Comedy,Drama,Music","United States,United Kingdom,France",English,104.0
4493,Pride,2014,18,7.8,91%,0,0,1,0,0,Matthew Warchus,"Biography,Comedy,Drama,History,Romance","United Kingdom,France,United States","English,Welsh",119.0
4495,Dead Man Walking,1995,18,7.5,95%,0,0,1,0,0,Tim Robbins,"Crime,Drama","United Kingdom,United States",English,122.0
4496,Grizzly Man,2005,18,7.8,92%,0,0,1,0,0,Werner Herzog,"Documentary,Biography",United States,English,103.0
4501,Capote,2005,18,7.3,90%,0,0,1,0,0,Bennett Miller,"Biography,Crime,Drama,History","United States,Canada",English,114.0
4502,Midsommar,2019,18,7.1,83%,0,0,1,0,0,Ari Aster,"Drama,Horror,Mystery,Thriller","United States,Sweden","English,Swedish",148.0
4503,Deep Red,1975,18,7.6,96%,0,0,1,0,0,Dario Argento,"Horror,Mystery,Thriller",Italy,"Italian,German,English",127.0
4511,Seven Psychopaths,2012,18,7.2,82%,0,0,1,0,0,Martin McDonagh,"Comedy,Crime","United Kingdom,United States","English,Vietnamese",110.0
4523,Paterson,2016,18,7.4,96%,0,0,1,0,0,Jim Jarmusch,"Comedy,Drama,Romance","France,Germany,United States","English,Italian",118.0
4526,The Long Goodbye,1973,18,7.6,97%,0,0,1,0,0,Robert Altman,"Comedy,Crime,Drama,Mystery,Thriller",United States,"English,Spanish",112.0
4527,Black Book,2006,18,7.7,75%,0,0,1,0,0,Paul Verhoeven,"Drama,Thriller,War","Netherlands,Germany,United Kingdom,Belgium","Dutch,German,English,Hebrew",145.0
4528,Legends of the Fall,1994,18,7.6,58%,0,0,1,0,0,Edward Zwick,"Drama,Romance,War,Western",United States,"English,Cornish",133.0
4533,Highlander,1986,18,7.1,69%,0,0,1,0,0,Russell Mulcahy,"Action,Adventure,Fantasy",United Kingdom,English,116.0
4537,The Birdcage,1996,18,7.1,79%,0,0,1,0,0,Mike Nichols,Comedy,United States,English,117.0
4543,Miss Sloane,2016,18,7.5,76%,0,0,1,0,0,John Madden,"Drama,Thriller","France,United States,United Kingdom,Canada",English,132.0
4550,Fist of Fury,1972,18,7.4,92%,0,0,1,0,0,Wei Lo,"Action,Drama,Romance,Thriller",Hong Kong,"Mandarin,Cantonese,English",106.0
4553,You Can Count on Me,2000,18,7.5,95%,0,0,1,0,0,Kenneth Lonergan,Drama,United States,English,111.0
4560,First Reformed,2018,18,7.1,93%,0,0,1,0,0,Paul Schrader,"Drama,Mystery,Thriller","United States,United Kingdom,Australia",English,113.0
4562,The Report,2019,18,7.2,81%,0,0,1,0,0,Scott Z. Burns,"Biography,Crime,Drama,History,Thriller",United States,English,119.0
4563,The Sweet Hereafter,1997,18,7.5,100%,0,0,1,0,0,Atom Egoyan,Drama,Canada,English,112.0
4564,Dead Ringers,1988,18,7.3,82%,0,0,1,0,0,David Cronenberg,"Drama,Horror,Thriller",Canada,English,116.0
4573,if....,1968,18,7.5,93%,0,0,1,0,0,Lindsay Anderson,"Crime,Drama",United Kingdom,"English,Latin",111.0
4574,Beautiful Boy,2018,18,7.3,69%,0,0,1,0,0,Felix van Groeningen,"Biography,Drama",United States,English,120.0
4575,Hard Eight,1996,18,7.2,84%,0,0,1,0,0,Paul Thomas Anderson,"Crime,Drama",United States,English,102.0
4576,Ginger Snaps,2000,18,6.8,89%,0,0,1,0,0,John Fawcett,"Drama,Fantasy,Horror",Canada,English,108.0
4580,The Last Black Man in San Francisco,2019,18,7.3,93%,0,0,1,0,0,Joe Talbot,Drama,United States,English,121.0
4582,Gia,1998,18,7.0,92%,0,0,1,0,0,Michael Cristofer,"Biography,Drama,Romance",United States,"English,German,French",120.0
4587,Air Force One,1997,18,6.5,76%,0,0,1,0,0,Wolfgang Petersen,"Action,Drama,Thriller","United States,Germany","English,Russian",124.0
4590,Big Night,1996,18,7.3,96%,0,0,1,0,0,"Campbell Scott,Stanley Tucci","Drama,Romance",United States,"English,Italian",109.0
4596,Dog Soldiers,2002,18,6.8,77%,0,0,1,0,0,Neil Marshall,"Action,Horror,Thriller","United Kingdom,Luxembourg,United States",English,105.0
4600,Soldier's Girl,2003,18,7.9,88%,0,0,1,0,0,Frank Pierson,"Biography,Crime,Drama,Romance","United States,Canada",English,112.0
4609,Wake in Fright,1971,18,7.7,96%,0,0,1,0,0,Ted Kotcheff,"Drama,Thriller","United Kingdom,Australia,United States",English,109.0
4610,A Most Wanted Man,2014,18,6.8,87%,0,0,1,0,0,Anton Corbijn,"Crime,Drama,Thriller","United Kingdom,United States,Germany","Arabic,English,Turkish",122.0
4611,The Girl Who Played with Fire,2009,18,7.2,69%,0,0,1,0,0,Daniel Alfredson,"Crime,Drama,Mystery,Thriller","Sweden,Denmark,Germany","Swedish,Italian,English,French",129.0
4615,Invisible Life,2019,18,7.9,93%,0,0,1,0,0,Karim Aïnouz,Drama,"Brazil,Germany","Portuguese,Greek",139.0
4616,House of Sand and Fog,2003,18,7.5,74%,0,0,1,0,0,Vadim Perelman,"Crime,Drama",United States,"English,Persian",126.0
4617,Behind the Candelabra,2013,18,7.0,95%,0,0,1,0,0,Steven Soderbergh,"Biography,Drama,Music,Romance",United States,English,118.0
4621,Brittany Runs a Marathon,2019,18,6.8,89%,0,0,1,0,0,Paul Downs Colaizzo,"Comedy,Drama","United States,Canada",English,104.0
4624,Citizen X,1995,18,7.5,88%,0,0,1,0,0,Chris Gerolmo,"Biography,Crime,Drama,History,Thriller","United States,Hungary",English,105.0
4638,McQueen,2018,18,7.8,99%,0,0,1,0,0,"Ian Bonhôte,Peter Ettedgui","Documentary,Biography",United Kingdom,"English,French",111.0
4641,The Doors,1991,18,7.2,57%,0,0,1,0,0,Oliver Stone,"Biography,Drama,Music","United States,France",English,140.0
4645,A Prayer Before Dawn,2018,18,6.9,92%,0,0,1,0,0,Jean-Stéphane Sauvaire,"Biography,Crime,Drama,Sport,Thriller","United Kingdom,France,China,Cambodia,United States,Germany","English,Thai",116.0
4647,Disobedience,2017,18,6.6,84%,0,0,1,0,0,Sebastián Lelio,"Drama,Romance","Ireland,United Kingdom,United States","English,Hebrew",114.0
4648,Transsiberian,2008,18,6.7,92%,0,0,1,0,0,Brad Anderson,"Crime,Drama,Mystery,Thriller","United Kingdom,Germany,Spain,Lithuania","English,Russian,Spanish,Mandarin,French",111.0
4651,House of Games,1987,18,7.3,96%,0,0,1,0,0,David Mamet,"Crime,Thriller",United States,English,102.0
4652,Gleason,2016,18,8.4,96%,0,0,1,0,0,Clay Tweel,Documentary,United States,English,110.0
4657,The Crazies,2010,18,6.5,71%,0,0,1,0,0,Breck Eisner,"Horror,Thriller","United States,United Arab Emirates",English,101.0
4658,Late Night,2019,18,6.5,80%,0,0,1,0,0,Nisha Ganatra,"Comedy,Drama",United States,English,102.0
4662,Atlantic City,1980,18,7.3,100%,0,0,1,0,0,Louis Malle,"Crime,Drama,Romance","France,Canada","English,French",104.0
4665,Suspiria,2018,18,6.8,65%,0,0,1,0,0,Luca Guadagnino,"Fantasy,Horror,Mystery,Thriller","Italy,United States","English,German,French,Russian",152.0
4667,King of New York,1990,18,7.0,73%,0,0,1,0,0,Abel Ferrara,"Crime,Thriller","Italy,United States",English,103.0
4668,Three… Extremes,2004,18,7.0,84%,0,0,1,0,0,"Fruit Chan,Takashi Miike,Chan-wook Park",Horror,"Hong Kong,Japan,South Korea","Cantonese,Japanese,Korean,Mandarin",118.0
4672,The Whistleblower,2010,18,7.1,75%,0,0,1,0,0,Larysa Kondracki,"Biography,Crime,Drama","Canada,Germany","English,Romanian,Russian,Serbian,Ukrainian",112.0
4676,Opera,1987,18,7.0,90%,0,0,1,0,0,Dario Argento,"Horror,Mystery,Thriller",Italy,Italian,107.0
4681,Lean on Pete,2018,18,7.2,91%,0,0,1,0,0,Andrew Haigh,Drama,United Kingdom,"English,Spanish",121.0
4682,Harry Brown,2009,18,7.2,63%,0,0,1,0,0,Daniel Barber,"Action,Crime,Drama,Thriller",United Kingdom,English,103.0
4683,The Girl Who Kicked the Hornet's Nest,2009,18,7.3,54%,0,0,1,0,0,Daniel Alfredson,"Crime,Drama,Thriller","Sweden,Denmark,Germany",Swedish,147.0
4690,Birdy,1984,18,7.3,85%,0,0,1,0,0,Alan Parker,"Drama,War",United States,English,120.0
4707,Dead Snow 2: Red vs. Dead,2014,18,6.9,81%,0,0,1,0,0,Tommy Wirkola,"Action,Comedy,Horror","Norway,Iceland,United States,United Kingdom","Norwegian,English,German",100.0
4708,Magic Mike,2012,18,6.1,79%,0,0,1,0,0,Steven Soderbergh,"Comedy,Drama",United States,English,110.0
4709,Colette,2018,18,6.7,87%,0,0,1,0,0,Wash Westmoreland,"Biography,Drama,History","United Kingdom,United States,France,Hungary,Netherlands",English,111.0
4713,Capitalism: A Love Story,2009,18,7.4,75%,0,0,1,0,0,Michael Moore,"Documentary,Crime,News",United States,"English,Russian,Spanish",127.0
4715,Papillon,2017,18,7.2,52%,0,0,1,0,0,Michael Noer,"Adventure,Biography,Crime,Drama","Czech Republic,Spain","English,Spanish",133.0
4718,"Don't Worry, He Won't Get Far on Foot",2018,18,6.9,76%,0,0,1,0,0,Gus Van Sant,"Biography,Comedy,Drama","France,United States",English,114.0
4724,Jay and Silent Bob Reboot,2019,18,5.8,66%,0,0,1,0,0,Kevin Smith,Comedy,United States,English,105.0
4728,Southern Comfort,1981,18,7.2,82%,0,0,1,0,0,Walter Hill,"Action,Thriller",United States,"English,French",106.0
4742,A Private War,2018,18,6.7,87%,0,0,1,0,0,Matthew Heineman,"Biography,Drama,War","United Kingdom,United States",English,110.0
4745,Fateless,2005,18,6.9,94%,0,0,1,0,0,Lajos Koltai,"Drama,Romance,War","Hungary,Germany,United Kingdom,Israel,France,United States","Hungarian,German,English,Yiddish,Hebrew,Polish",140.0
4748,The Man Who Fell to Earth,1976,18,6.7,83%,0,0,1,0,0,Nicolas Roeg,"Drama,Sci-Fi",United Kingdom,English,139.0
4751,Passion Fish,1992,18,7.4,100%,0,0,1,0,0,John Sayles,Drama,United States,English,135.0
4757,Phenomena,1985,18,6.8,78%,0,0,1,0,0,Dario Argento,"Horror,Mystery","Italy,Switzerland","Italian,Swiss German,Danish",116.0
4761,Macbeth,2015,18,6.6,80%,0,0,1,0,0,Justin Kurzel,"Drama,History,War","United Kingdom,France,United States",English,113.0
4764,Danny Collins,2015,18,7.0,77%,0,0,1,0,0,Dan Fogelman,"Biography,Comedy,Drama,Music",United States,English,106.0
4771,My Friend Dahmer,2017,18,6.2,87%,0,0,1,0,0,Marc Meyers,"Biography,Drama",United States,English,107.0
4778,Janis: Little Girl Blue,2015,18,7.4,94%,0,0,1,0,0,Amy Berg,"Documentary,Biography,Music",United States,English,103.0
4781,The Dressmaker,2015,18,7.1,57%,0,0,1,0,0,Jocelyn Moorhouse,"Comedy,Drama",Australia,English,119.0
4782,Last Flag Flying,2017,18,6.9,77%,0,0,1,0,0,Richard Linklater,"Comedy,Drama,War",United States,English,125.0
4785,Sweet Country,2018,18,6.9,96%,0,0,1,0,0,Warwick Thornton,"Adventure,Crime,Drama,History,Thriller,Western",Australia,"English,Aboriginal",113.0
4786,Game Change,2012,18,7.4,68%,0,0,1,0,0,Jay Roach,"Biography,Drama,History",United States,English,118.0
4801,The Party,2017,18,6.6,81%,0,0,1,0,0,"Harry Elfont,Deborah Kaplan","Comedy,Romance",United States,English,100.0
4806,I Dream in Another Language,2017,18,7.4,80%,0,0,1,0,0,Ernesto Contreras,"Drama,Romance","Mexico,Netherlands","Spanish,English",103.0
4813,Journey's End,2017,18,6.6,92%,0,0,1,0,0,Saul Dibb,"Drama,War",United Kingdom,"English,German,French",107.0
4814,Internal Affairs,1990,18,6.5,88%,0,0,1,0,0,Mike Figgis,"Crime,Drama,Thriller","United States,Canada","English,Spanish",115.0
4827,City of Ghosts,2017,18,7.4,98%,0,0,1,0,0,Matt Dillon,"Crime,Drama,Thriller",United States,"English,French,Khmer,Russian",116.0
4831,Danger Close,2019,18,6.9,71%,0,0,1,0,0,Kriv Stenders,"Action,Drama,War",Australia,English,118.0
4840,Jin-Roh: The Wolf Brigade,1999,18,7.4,55%,0,0,1,0,0,Hiroyuki Okiura,"Animation,Drama,Fantasy,Thriller",Japan,Japanese,102.0
4858,Light of My Life,2019,18,6.6,79%,0,0,1,0,0,Casey Affleck,"Drama,Sci-Fi,Thriller",United States,English,119.0
4861,Beneath Hill 60,2010,18,7.1,85%,0,0,1,0,0,Jeremy Sims,"Drama,History,War",Australia,"English,German",122.0
4863,Recount,2008,18,7.4,78%,0,0,1,0,0,Jay Roach,"Drama,History",United States,English,116.0
4865,Lawn Dogs,1997,18,7.5,72%,0,0,1,0,0,John Duigan,Drama,United Kingdom,English,101.0
4867,Reefer Madness: The Movie Musical,2006,18,7.1,71%,0,0,1,0,0,Andy Fickman,"Comedy,Drama,Horror,Musical","United States,Germany,Canada",English,112.0
4871,California Split,1974,18,7.2,88%,0,0,1,0,0,Robert Altman,"Comedy,Drama",United States,English,108.0
4872,Out of Time,2003,18,6.5,64%,0,0,1,0,0,Carl Franklin,"Crime,Drama,Mystery,Thriller",United States,English,105.0
4873,Tales of the Grim Sleeper,2014,18,7.0,100%,0,0,1,0,0,"Nick Broomfield,Barney Broomfield,Marc Hoeferlin","Documentary,Crime","United Kingdom,United States",English,110.0
4874,Fahrenheit 11/9,2018,18,6.9,81%,0,0,1,0,0,Michael Moore,Documentary,United States,English,128.0
4875,Gimme Danger,2016,18,7.2,94%,0,0,1,0,0,Jim Jarmusch,"Documentary,Music",United States,English,108.0
4879,The Long Riders,1980,18,7.0,83%,0,0,1,0,0,Walter Hill,"Biography,Crime,Western",United States,"English,Swedish",100.0
4882,Kill the Irishman,2011,18,7.1,62%,0,0,1,0,0,Jonathan Hensleigh,"Biography,Crime,Drama",United States,English,106.0
4887,Gozu,2003,18,7.0,72%,0,0,1,0,0,Takashi Miike,"Crime,Drama,Horror,Mystery,Thriller",Japan,Japanese,129.0
4891,The Falcon and the Snowman,1985,18,6.8,81%,0,0,1,0,0,John Schlesinger,"Biography,Crime,Drama,Thriller","United Kingdom,United States,Mexico",English,131.0
4894,Eye of the Needle,1981,18,7.1,81%,0,0,1,0,0,Richard Marquand,"Romance,Thriller,War",United Kingdom,"English,German",112.0
4895,Avanti!,1972,18,7.2,81%,0,0,1,0,0,Billy Wilder,"Comedy,Romance","Italy,United States","English,Italian",144.0
4897,Cries from Syria,2017,18,8.1,100%,0,0,1,0,0,Evgeny Afineevsky,"Documentary,Drama","United States,Czech Republic","English,Arabic",111.0
4911,The Connection,2014,18,7.1,78%,0,0,1,0,0,Cédric Jimenez,"Action,Crime,Thriller","France,Belgium","French,Italian,English",135.0
4914,The Decline of the American Empire,1986,18,7.2,86%,0,0,1,0,0,Denys Arcand,"Comedy,Drama",Canada,"French,English",101.0
4917,The Ninth Configuration,1980,18,7.0,77%,0,0,1,0,0,William Peter Blatty,"Comedy,Drama,Horror,Mystery,Thriller",United States,English,118.0
4929,Ashes of Time,1994,18,7.2,78%,0,0,1,0,0,Kar-Wai Wong,"Action,Drama","Hong Kong,Taiwan","Mandarin,Cantonese",100.0
4937,F/X,1986,18,6.7,88%,0,0,1,0,0,Robert Mandel,"Action,Thriller",United States,English,109.0
4944,Liquid Sky,1982,18,6.2,95%,0,0,1,0,0,Slava Tsukerman,"Sci-Fi,Thriller",United States,English,112.0
4953,I Capture the Castle,2003,18,6.9,79%,0,0,1,0,0,Tim Fywell,"Drama,Romance",United Kingdom,English,113.0
4959,Bully,2001,18,6.9,54%,0,0,1,0,0,Larry Clark,"Biography,Crime,Drama","United States,France,United Kingdom",English,108.0
4972,High Life,2018,18,5.8,82%,0,0,1,0,0,Claire Denis,"Adventure,Drama,Horror,Mystery,Sci-Fi,Thriller","France,United Kingdom,Germany,Poland",English,113.0
4973,Under the Silver Lake,2018,18,6.5,58%,0,0,1,0,0,David Robert Mitchell,"Crime,Drama,Mystery,Thriller",United States,English,139.0
4976,Breakfast on Pluto,2005,18,7.2,57%,0,0,1,0,0,Neil Jordan,"Comedy,Drama","Ireland,United Kingdom","English,Irish",128.0
4978,The Big Easy,1986,18,6.5,89%,0,0,1,0,0,Jim McBride,"Comedy,Crime,Drama,Romance,Thriller",United States,English,102.0
5011,Intact,2001,18,6.9,72%,0,0,1,0,0,Juan Carlos Fresnadillo,"Drama,Fantasy,Romance,Thriller",Spain,"Spanish,English,French",108.0
5020,Images,1972,18,7.1,69%,0,0,1,0,0,Robert Altman,"Drama,Horror,Mystery",United Kingdom,"English,French",104.0
5037,A Late Quartet,2012,18,7.1,76%,0,0,1,0,0,Yaron Zilberman,"Drama,Music",United States,English,105.0
5038,Inferno,1980,18,6.6,64%,0,0,1,0,0,Ron Howard,"Action,Adventure,Crime,Drama,Mystery,Thriller","United States,Hungary","English,French,Italian,Turkish",121.0
5040,The Vanishing,2018,18,5.8,85%,0,0,1,0,0,Kristoffer Nyholm,"Crime,Drama,Mystery,Thriller",United Kingdom,"English,Swedish",107.0
5043,What Have You Done to Solange?,1972,18,7.0,80%,0,0,1,0,0,Massimo Dallamano,"Horror,Mystery,Thriller","Italy,West Germany,United Kingdom",Italian,107.0
5045,Alice Sweet Alice,1976,18,6.5,82%,0,0,1,0,0,Alfred Sole,"Crime,Drama,Horror,Mystery,Thriller",United States,English,107.0
5047,To End All Wars,2001,18,7.0,62%,0,0,1,0,0,David L. Cunningham,"Action,Drama,War",United States,"English,Japanese",125.0
5059,Two Hands,1999,18,7.1,67%,0,0,1,0,0,Gregor Jordan,"Comedy,Crime,Thriller",Australia,English,103.0
5061,Savior,1998,18,7.3,56%,0,0,1,0,0,Predrag Antonijevic,"Drama,War",United States,"English,Serbian,French",103.0
5068,Narco Cultura,2013,18,7.2,89%,0,0,1,0,0,Shaul Schwarz,Documentary,"United States,Mexico","English,Spanish",103.0
5084,Cutter's Way,1981,18,6.9,91%,0,0,1,0,0,Ivan Passer,"Crime,Drama,Mystery,Thriller",United States,English,109.0
5089,Brad's Status,2017,18,6.5,80%,0,0,1,0,0,Mike White,"Comedy,Drama,Music",United States,English,102.0
5101,Never Grow Old,2019,18,5.9,90%,0,0,1,0,0,Ivan Kavanagh,"Action,Drama,Western","Ireland,Belgium,France,Luxembourg,United Kingdom","English,Italian",100.0
5103,Across 110th Street,1972,18,7.0,81%,0,0,1,0,0,Barry Shear,"Action,Crime,Drama,Thriller",United States,"English,Italian",102.0
5108,Bad Samaritan,2018,18,6.4,53%,0,0,1,0,0,Dean Devlin,"Crime,Horror,Thriller",United States,English,110.0
5110,Eden,2012,18,6.6,86%,0,0,1,0,0,Mia Hansen-Løve,"Biography,Drama,Music",France,"French,English",131.0
5122,Rabid,1977,18,6.3,73%,0,0,1,0,0,"Jen Soska,Sylvia Soska","Horror,Sci-Fi",Canada,English,107.0
5131,The Children Act,2017,18,6.7,74%,0,0,1,0,0,Richard Eyre,Drama,"United Kingdom,United States",English,105.0
5134,The Exorcist III,1990,18,6.4,59%,0,0,1,0,0,William Peter Blatty,"Drama,Horror,Mystery",United States,English,110.0
5143,Shanghai Triad,1995,18,7.1,87%,0,0,1,0,0,Yimou Zhang,"Crime,Drama,History,Romance,Thriller","France,China",Mandarin,108.0
5144,Gloria Bell,2018,18,6.3,91%,0,0,1,0,0,Sebastián Lelio,"Comedy,Drama,Romance","Chile,United States",English,102.0
5150,The Third Murder,2017,18,6.7,86%,0,0,1,0,0,Hirokazu Koreeda,"Crime,Drama,Mystery",Japan,Japanese,124.0
5166,Palo Alto,2014,18,6.2,69%,0,0,1,0,0,Gia Coppola,Drama,United States,English,100.0
5172,King of the Ants,2003,18,6.2,100%,0,0,1,0,0,Stuart Gordon,"Crime,Drama,Thriller",United States,English,102.0
5173,The Opposite of Sex,1998,18,6.3,80%,0,0,1,0,0,Don Roos,"Comedy,Drama,Romance",United States,English,105.0
5174,Hidden Agenda,1990,18,6.9,83%,0,0,1,0,0,Ken Loach,"Drama,Thriller",United Kingdom,English,108.0
5188,After the Dark,2013,18,5.7,71%,0,0,1,0,0,John Huddles,"Drama,Fantasy,Sci-Fi","United States,Indonesia","English,Middle English,Indonesian",107.0
5191,American Gigolo,1980,18,6.2,68%,0,0,1,0,0,Paul Schrader,"Crime,Drama,Mystery,Romance,Thriller",United States,"English,Swedish,French,German",117.0
5193,Upside Down: The Creation Records Story,2010,18,7.2,100%,0,0,1,0,0,Danny O'Connor,"Documentary,Music",United Kingdom,English,101.0
5205,Something from Nothing: The Art of Rap,2012,18,7.2,86%,0,0,1,0,0,"Ice-T,Andy Baybutt","Documentary,Music","United Kingdom,United States",English,106.0
5232,On Chesil Beach,2018,18,6.3,67%,0,0,1,0,0,Dominic Cooke,"Drama,Music,Romance",United Kingdom,English,110.0
5240,North Dallas Forty,1979,18,6.9,83%,0,0,1,0,0,Ted Kotcheff,"Comedy,Drama,Sport",United States,English,119.0
5247,Puncture,2011,18,6.8,52%,0,0,1,0,0,"Adam Kassen,Mark Kassen","Biography,Drama",United States,"English,French",100.0
5253,Shade,2003,18,6.3,67%,0,0,1,0,0,Damian Nieman,"Crime,Thriller",United States,English,101.0
5261,"Tomorrow, When the War Began",2010,18,6.2,64%,0,0,1,0,0,Stuart Beattie,"Action,Adventure,Drama",Australia,English,103.0
5270,Bellflower,2011,18,6.4,73%,0,0,1,0,0,Evan Glodell,"Action,Drama,Romance",United States,English,106.0
5289,Biggie and Tupac,2002,18,6.8,79%,0,0,1,0,0,Nick Broomfield,"Documentary,Biography,Crime,Music",United Kingdom,English,108.0
5296,A Man Called Horse,1970,18,6.9,86%,0,0,1,0,0,Elliot Silverstein,"Adventure,Drama,Western","Mexico,United States","English,Sioux,French",114.0
5298,Choose Me,1984,18,6.8,93%,0,0,1,0,0,Alan Rudolph,"Comedy,Drama,Romance",United States,English,106.0
5311,Louder Than Bombs,2015,18,6.6,72%,0,0,1,0,0,Joachim Trier,Drama,"Norway,France,Denmark,United States","English,French",109.0
5314,Rob the Mob,2014,18,6.3,83%,0,0,1,0,0,Raymond De Felitta,"Crime,Drama",United States,English,104.0
5322,Short Eyes,1977,18,7.1,89%,0,0,1,0,0,Robert M. Young,Drama,United States,English,100.0
5330,True Legend,2010,18,6.4,64%,0,0,1,0,0,Woo-Ping Yuen,"Action,Drama,History",China,Mandarin,115.0
5341,Never Forever,2007,18,6.5,80%,0,0,1,0,0,Gina Kim,"Drama,Romance","South Korea,United States","Korean,English",104.0
5354,Vampire's Kiss,1988,18,6.0,61%,0,0,1,0,0,Robert Bierman,"Comedy,Horror",United States,"English,German",103.0
5365,Cleanskin,2012,18,6.3,53%,0,0,1,0,0,Hadi Hajaig,"Action,Crime,Drama,Thriller",United Kingdom,English,108.0
5381,Clear History,2013,18,6.5,61%,0,0,1,0,0,Greg Mottola,Comedy,United States,English,101.0
5395,Free Enterprise,1998,18,6.8,83%,0,0,1,0,0,Robert Meyer Burnett,"Comedy,Romance",United States,English,113.0
5405,Chi-Raq,2015,18,5.7,82%,0,0,1,0,0,Spike Lee,"Comedy,Crime,Drama,Musical",United States,English,127.0
5407,Shoot to Kill,1988,18,6.8,100%,0,0,1,0,0,Roger Spottiswoode,"Action,Adventure,Crime,Drama,Thriller","United States,Canada",English,110.0
5408,Gabrielle,2013,18,7.0,88%,0,0,1,0,0,Louise Archambault,"Drama,Music,Romance",Canada,"French,English",104.0
5425,Me Without You,2001,18,6.9,66%,0,0,1,0,0,Sandra Goldbacher,Drama,"United Kingdom,Germany","English,French",107.0
5437,Dark Blue,2002,18,6.6,59%,0,0,1,0,0,Ron Shelton,"Crime,Drama,Thriller","United States,United Kingdom,Germany",English,118.0
5455,Japanese Story,2003,18,6.7,68%,0,0,1,0,0,Sue Brooks,"Drama,Romance",Australia,"English,Japanese",110.0
5464,Knightriders,1981,18,6.3,77%,0,0,1,0,0,George A. Romero,"Action,Drama",United States,English,146.0
5488,Woman Walks Ahead,2018,18,6.6,53%,0,0,1,0,0,Susanna White,"Biography,Drama,History,Western",United States,"English,Sioux",101.0
5503,Mia madre,2015,18,6.8,84%,0,0,1,0,0,Nanni Moretti,Drama,"Italy,France,Germany","Italian,English,French",106.0
5526,Nobody's Watching,2017,18,6.6,89%,0,0,1,0,0,Julia Solomonoff,Drama,"Argentina,Spain,Colombia,Brazil,United States","Spanish,English,Portuguese",102.0
5541,Saint Jack,1979,18,7.0,67%,0,0,1,0,0,Peter Bogdanovich,Drama,United States,"English,Cantonese,Dutch,French,Italian",112.0
5551,Kaante,2002,18,6.6,83%,0,0,1,0,0,Sanjay Gupta,"Action,Crime,Drama,Thriller",India,"Hindi,English",150.0
5553,The Blood Spattered Bride,1972,18,6.2,100%,0,0,1,0,0,Vicente Aranda,Horror,Spain,Spanish,100.0
5557,Thirst,1979,18,5.8,100%,0,0,1,0,0,Chan-wook Park,"Drama,Fantasy,Horror,Romance","South Korea,United States","Korean,English,French",134.0
5559,Joe,1970,18,6.8,80%,0,0,1,0,0,David Gordon Green,"Crime,Drama",United States,English,117.0
5566,Poor Boy's Game,2007,18,6.4,83%,0,0,1,0,0,Clement Virgo,Drama,Canada,English,104.0
5569,Hyena Road,2015,18,6.5,55%,0,0,1,0,0,Paul Gross,"Action,Drama,War",Canada,English,120.0
5570,Sukiyaki Western Django,2007,18,6.2,56%,0,0,1,0,0,Takashi Miike,"Action,Western",Japan,English,121.0
5588,Catch Me Daddy,2015,18,6.3,92%,0,0,1,0,0,Daniel Wolfe,"Drama,Thriller",United Kingdom,"English,Urdu",112.0
5595,Dolemite,1975,18,5.8,64%,0,0,1,0,0,Craig Brewer,"Biography,Comedy,Drama",United States,English,118.0
5602,Father's Day,2011,18,6.0,80%,0,0,1,0,0,George A. Romero,"Comedy,Fantasy,Horror",United States,English,120.0
5621,Final Score,2018,18,5.7,70%,0,0,1,0,0,Scott Mann,"Action,Drama,Thriller",United Kingdom,English,104.0
5654,Fugitive Pieces,2007,18,7.0,68%,0,0,1,0,0,Jeremy Podeswa,"Drama,War","Greece,Canada","English,Greek,Yiddish,German",104.0
5661,Author: The JT LeRoy Story,2016,18,7.1,78%,0,0,1,0,0,Jeff Feuerzeig,"Documentary,Biography",United States,"English,German",110.0
5683,Ashby,2015,18,6.4,52%,0,0,1,0,0,Tony McNamara,"Comedy,Crime,Drama,Romance",United States,English,100.0
5728,Q,1982,18,6.0,69%,0,0,1,0,0,Laurent Bouhnik,"Drama,Romance",France,French,103.0
5742,Ganja & Hess,1973,18,6.2,86%,0,0,1,0,0,Bill Gunn,"Drama,Fantasy,Horror",United States,"French,English",110.0
5750,Interview,2007,18,6.8,58%,0,0,1,0,0,Federico Fellini,"Comedy,Drama,Fantasy",Italy,"Italian,Japanese,English",105.0
5763,Mr. Nice,2010,18,6.4,53%,0,0,1,0,0,Bernard Rose,"Biography,Comedy,Crime,Drama","United Kingdom,Spain","English,Spanish",121.0
5769,The Church,1989,18,6.2,64%,0,0,1,0,0,Michele Soavi,Horror,Italy,"Italian,Hungarian,Latin",102.0
5772,Urbania,2000,18,6.8,72%,0,0,1,0,0,Jon Shear,Drama,United States,English,103.0
5786,The Immaculate Conception of Little Dizzle,2010,18,6.2,89%,0,0,1,0,0,David Russo,"Comedy,Drama",United States,English,104.0
5797,Flying Swords of Dragon Gate,2011,18,6.0,68%,0,0,1,0,0,Hark Tsui,"Action,Adventure",China,Mandarin,122.0
5805,True Confessions,1981,18,6.3,69%,0,0,1,0,0,Ulu Grosbard,"Crime,Drama",United States,"English,Latin",108.0
5829,Life,2015,18,6.1,65%,0,0,1,0,0,Daniel Espinosa,"Horror,Sci-Fi,Thriller",United States,"English,Japanese,Vietnamese",104.0
5833,The Souvenir,2019,18,6.5,90%,0,0,1,0,0,Joanna Hogg,"Drama,Mystery,Romance","United Kingdom,United States",English,120.0
5834,Felix and Meira,2015,18,6.7,78%,0,0,1,0,0,Maxime Giroux,"Drama,Romance",Canada,"French,Yiddish,English,Spanish,Hebrew,Italian",105.0
5841,The Leading Man,1996,18,5.7,69%,0,0,1,0,0,John Duigan,"Drama,Romance,Thriller",United Kingdom,English,100.0
5864,Witness Protection,1999,18,6.2,60%,0,0,1,0,0,Richard Pearce,"Crime,Drama",United States,English,105.0
5877,Bottom of the 9th,2019,18,5.5,69%,0,0,1,0,0,Raymond De Felitta,Drama,United States,English,111.0
5878,Stop-Loss,2008,18,6.4,65%,0,0,1,0,0,Kimberly Peirce,"Drama,War",United States,English,112.0
5886,Felony,2014,18,6.1,70%,0,0,1,0,0,Matthew Saville,"Crime,Drama,Thriller","Australia,United States",English,105.0
5892,Test,2013,18,6.5,81%,0,0,1,0,0,Stuart Hazeldine,"Mystery,Thriller",United Kingdom,"English,French,Cantonese",101.0
5894,Twilight,1998,18,6.2,60%,0,0,1,0,0,Catherine Hardwicke,"Drama,Fantasy,Romance",United States,English,122.0
5936,Bill Frisell: A Portrait,2017,18,7.2,88%,0,0,1,0,0,Emma Franz,Documentary,Australia,English,118.0
5939,Bhaji on the Beach,1993,18,6.3,89%,0,0,1,0,0,Gurinder Chadha,"Comedy,Drama",United Kingdom,"English,Punjabi",101.0
5943,In the Electric Mist,2009,18,6.1,58%,0,0,1,0,0,Bertrand Tavernier,"Crime,Drama,Mystery,Thriller","France,United States",English,117.0
5950,The Bedroom Window,1987,18,6.4,76%,0,0,1,0,0,Curtis Hanson,"Crime,Mystery,Thriller",United States,English,112.0
5963,Runoff,2015,18,5.8,83%,0,0,1,0,0,Jong-hyun Kim,Sport,South Korea,Korean,126.0
5965,Shy People,1987,18,6.8,64%,0,0,1,0,0,Andrey Konchalovskiy,Drama,United States,English,118.0
6003,Book of Blood,2009,18,5.3,80%,0,0,1,0,0,John Harrison,"Drama,Horror,Mystery,Thriller",United Kingdom,English,100.0
6038,Guernica,2016,18,5.8,86%,0,0,1,0,0,Koldo Serra,"Drama,History,Romance,War","Spain,United States","Spanish,English,German,Basque",110.0
6062,Hemingway & Gellhorn,2012,18,6.3,50%,0,0,1,0,0,Philip Kaufman,"Biography,Drama,Romance",United States,English,155.0
6089,Mind the Gap,2004,18,7.1,56%,0,0,1,0,0,Helena Bergström,"Comedy,Drama",Sweden,Swedish,103.0
6095,Sollers Point,2017,18,5.6,85%,0,0,1,0,0,Matthew Porterfield,Drama,"United States,France",English,101.0
6108,The Merry Gentleman,2008,18,6.5,65%,0,0,1,0,0,Michael Keaton,"Crime,Drama,Thriller",United States,English,110.0
6114,Tokyo Tribe,2014,18,6.5,55%,0,0,1,0,0,Sion Sono,"Action,Musical",Japan,"English,Japanese",116.0
6119,All These Sleepless Nights,2016,18,6.6,69%,0,0,1,0,0,Michal Marczak,"Documentary,Drama","Poland,United Kingdom",Polish,100.0
6154,Strange Behavior,1981,18,5.7,80%,0,0,1,0,0,Michael Laughlin,"Horror,Mystery,Sci-Fi,Thriller","Australia,New Zealand",English,105.0
6156,9th Company,2005,18,7.1,69%,0,0,1,0,0,Fedor Bondarchuk,"Action,Drama,History,War","Finland,Russia,Ukraine",Russian,139.0
6165,Young Ones,2014,18,5.9,50%,0,0,1,0,0,Jake Paltrow,"Action,Drama,Romance,Sci-Fi,Western","South Africa,Ireland,United States",English,100.0
6215,Wah-Wah,2005,18,6.8,54%,0,0,1,0,0,Richard E. Grant,"Comedy,Drama","United Kingdom,France,South Africa",English,120.0
6221,Sophie and the Rising Sun,2016,18,6.5,64%,0,0,1,0,0,Maggie Greenwald,Drama,United States,English,105.0
6235,The Big Sleep,1978,18,5.8,67%,0,0,1,0,0,Howard Hawks,"Crime,Film-Noir,Mystery,Thriller",United States,English,114.0
6280,Mondo Cane,1962,18,6.4,50%,0,0,1,0,0,"Paolo Cavara,Gualtiero Jacopetti,Franco Prosperi",Documentary,Italy,Italian,108.0
6300,The Man from Elysian Fields,2001,18,6.6,51%,0,0,1,0,0,George Hickenlooper,"Drama,Romance",United States,English,106.0
6313,Healing,2014,18,6.7,75%,0,0,1,0,0,Craig Monahan,Drama,Australia,English,112.0
6320,Holly,2006,18,6.8,65%,0,0,1,0,0,Bobby Roth,"Drama,Family,Music",United States,"English,German,French,Italian",120.0
6333,Caged Heat,1974,18,5.3,73%,0,0,1,0,0,Shane Black,"Action,Adventure,Sci-Fi",United States,English,130.0
6335,The Art of Travel,2008,18,6.4,63%,0,0,1,0,0,Thomas Whelan,Drama,United States,"English,Spanish",100.0
6421,Low Down,2014,18,6.1,50%,0,0,1,0,0,Jeff Preiss,"Biography,Drama,Music",United States,English,114.0
6463,Trial by Fire,2019,18,6.8,83%,0,0,1,0,0,Edward Zwick,"Biography,Drama",United States,English,127.0
6464,The Calling,2014,18,5.8,51%,0,0,1,0,0,Jason Stone,"Drama,Thriller","United States,Canada,United Kingdom","English,Latin",108.0
6488,Heidi Fleiss: Hollywood Madam,1995,18,6.5,75%,0,0,1,0,0,Nick Broomfield,"Documentary,Biography","United Kingdom,Germany,United States,Canada",English,106.0
6550,The World Made Straight,2015,18,5.5,62%,0,0,1,0,0,David Burris,Drama,United States,English,119.0
6554,Streamers,1983,18,6.5,56%,0,0,1,0,0,Robert Altman,"Crime,Drama,War",United States,English,118.0
6653,Half of a Yellow Sun,2013,18,6.1,51%,0,0,1,0,0,Biyi Bandele,"Drama,Romance","Nigeria,United Kingdom",English,111.0
6667,Hunterrr,2015,18,7.0,57%,0,0,1,0,0,Harshavardhan Kulkarni,"Comedy,Romance",India,Hindi,141.0
6730,Nora,2000,18,6.0,64%,0,0,1,0,0,Pat Murphy,"Biography,Drama","Ireland,United Kingdom,Italy,Germany","English,Italian",106.0
6768,Everyday People,2004,18,6.5,67%,0,0,1,0,0,Richard Benjamin,Comedy,"United States,France","English,Japanese",111.0
6829,The Object of Beauty,1991,18,5.6,77%,0,0,1,0,0,Michael Lindsay-Hogg,"Comedy,Crime,Drama","United Kingdom,United States",English,103.0
6879,Small Time,2014,18,6.0,54%,0,0,1,0,0,Joel Surnow,Drama,United States,English,104.0
6933,Crazy As Hell,2002,18,5.9,53%,0,0,1,0,0,Eriq La Salle,"Drama,Thriller",United States,English,113.0
7096,Weightless,2017,18,5.7,64%,0,0,1,0,0,Terrence Malick,"Drama,Music,Romance",United States,English,129.0
7298,Boynton Beach Club,2005,18,6.4,60%,0,0,1,0,0,Susan Seidelman,"Comedy,Romance",United States,English,105.0
7447,The Sensation of Sight,2006,18,6.6,50%,0,0,1,0,0,Aaron J. Wiederspahn,Drama,United States,English,134.0
7530,Blame,2011,18,5.6,58%,0,0,1,0,0,Quinn Shephard,Drama,United States,English,100.0
7596,Santa & Andres,2016,18,6.8,88%,0,0,1,0,0,Carlos Lechuga,Drama,"Cuba,Colombia,France",Spanish,105.0
8067,I Love You Too,2010,18,6.0,54%,0,0,1,0,0,Daina Reid,Comedy,Australia,English,107.0
8160,With Friends Like These...,1998,18,5.9,50%,0,0,1,0,0,Philip Frank Messina,Comedy,United States,English,105.0
8464,Last Summer in the Hamptons,1995,18,5.6,64%,0,0,1,0,0,Henry Jaglom,"Comedy,Drama",United States,English,108.0
